{"cameraMode":{"drawMode":0,"name":"Shaded","section":"Shading Mode"},"sceneLighting":true,"audioPlay":false,"sceneViewState":{"m_AlwaysRefresh":false,"showFog":true,"showSkybox":true,"showFlares":true,"showImageEffects":true,"showParticleSystems":true,"showVisualEffectGraphs":true,"m_FxEnabled":true},"in2DMode":false,"pivot":{"x":-60.82958221435547,"y":18.9752197265625,"z":109.61964416503906},"rotation":{"x":0.0030666105449199678,"y":0.9790294766426086,"z":-0.013471859507262707,"w":0.20452998578548432},"size":11.870430946350098,"orthographic":false}