{"cameraMode":{"drawMode":0,"name":"Shaded","section":"Shading Mode"},"sceneLighting":true,"audioPlay":false,"sceneViewState":{"m_AlwaysRefresh":false,"showFog":true,"showSkybox":true,"showFlares":true,"showImageEffects":true,"showParticleSystems":true,"showVisualEffectGraphs":true,"m_FxEnabled":true},"in2DMode":false,"pivot":{"x":-267.2809143066406,"y":250.52423095703126,"z":-0.09812164306640625},"rotation":{"x":-0.04671672731637955,"y":-0.954248309135437,"z":0.2080228477716446,"w":-0.21057818830013276},"size":235.43055725097657,"orthographic":false}