{"cameraMode":{"drawMode":0,"name":"Shaded","section":"Shading Mode"},"sceneLighting":true,"audioPlay":false,"sceneViewState":{"m_AlwaysRefresh":false,"showFog":true,"showSkybox":true,"showFlares":true,"showImageEffects":true,"showParticleSystems":true,"showVisualEffectGraphs":true,"m_FxEnabled":true},"in2DMode":false,"pivot":{"x":-267.2809143066406,"y":250.52423095703126,"z":-0.09812164306640625},"rotation":{"x":-0.025699157267808915,"y":-0.13056303560733796,"z":0.002546918112784624,"w":-0.9913008213043213},"size":235.43055725097657,"orthographic":false}