{
    "_ColorR": 0.8962264060974121,
    "_ColorG": 0.4607955813407898,
    "_ColorB": 0.8907836079597473,
    "_RampLevels": 4.0,
    "_LightScalar": 1.159999966621399,
    "_HighColorR": 1.0,
    "_HighColorG": 1.0,
    "_HighColorB": 1.0,
    "_HighIntensity": 1.5,
    "_LowColorR": 1.0,
    "_LowColorG": 1.0,
    "_LowColorB": 1.0,
    "_LowIntensity": 1.0,
    "_OutlineColorR": 0.0,
    "_OutlineColorG": 0.0,
    "_OutlineColorB": 0.0,
    "_OutlineSize": 25.0,
    "_RimColorR": 1.0,
    "_RimColorG": 1.0,
    "_RimColorB": 1.0,
    "_RimAlpha": 0.20900000631809236,
    "_RimPower": 0.7929999828338623,
    "_RimDropOff": 0.035999998450279239,
    "_FresnelColorR": 1.0,
    "_FresnelColorG": 1.0,
    "_FresnelColorB": 1.0,
    "_FresnelBrightness": 0.004999999888241291,
    "_FresnelPower": 0.07999999821186066,
    "_FresnelShadowDropoff": 0.8999999761581421,
    "_GradYCap": 0.0,
    "_GradIntensity": 0.0
}